{
  "mfr2": {
    "mdie": {
      "auc": 0.8257275720897116,
      "eer": 0.25,
      "eer_threshold": 0.43769335746765137,
      "tar_at_far=0.1": 0.5731132075471698,
      "tar_at_far=0.01": 0.3160377358490566,
      "tar_at_far=0.001": 0.20518867924528303,
      "n_pairs": 848,
      "n_pos": 424,
      "n_neg": 424
    },
    "arcface": {
      "auc": 0.5940225614097544,
      "eer": 0.4363207547169812,
      "eer_threshold": 0.5266176462173462,
      "tar_at_far=0.1": 0.24764150943396226,
      "tar_at_far=0.01": 0.07311320754716981,
      "tar_at_far=0.001": 0.030660377358490566,
      "n_pairs": 848,
      "n_pos": 424,
      "n_neg": 424
    },
    "cosface": {
      "auc": 0.6518333926664294,
      "eer": 0.3915094339622641,
      "eer_threshold": 0.3558371067047119,
      "tar_at_far=0.1": 0.2759433962264151,
      "tar_at_far=0.01": 0.10377358490566038,
      "tar_at_far=0.001": 0.007075471698113208,
      "n_pairs": 848,
      "n_pos": 424,
      "n_neg": 424
    },
    "mobilefacenet": {
      "auc": 0.6769257297970809,
      "eer": 0.37735849056603776,
      "eer_threshold": 0.4825381636619568,
      "tar_at_far=0.1": 0.31839622641509435,
      "tar_at_far=0.01": 0.08254716981132075,
      "tar_at_far=0.001": 0.0330188679245283,
      "n_pairs": 848,
      "n_pos": 424,
      "n_neg": 424
    }
  },
  "meglass": {
    "mdie": {
      "auc": 0.9262817777777776,
      "eer": 0.14933333333333332,
      "eer_threshold": 0.5578634738922119,
      "tar_at_far=0.1": 0.8046666666666666,
      "tar_at_far=0.01": 0.47,
      "tar_at_far=0.001": 0.2886666666666667,
      "n_pairs": 3000,
      "n_pos": 1500,
      "n_neg": 1500
    },
    "arcface": {
      "auc": 0.5879482222222222,
      "eer": 0.43600000000000005,
      "eer_threshold": 0.7237871885299683,
      "tar_at_far=0.1": 0.23933333333333334,
      "tar_at_far=0.01": 0.05733333333333333,
      "tar_at_far=0.001": 0.0026666666666666666,
      "n_pairs": 3000,
      "n_pos": 1500,
      "n_neg": 1500
    },
    "cosface": {
      "auc": 0.7060448888888888,
      "eer": 0.3586666666666667,
      "eer_threshold": 0.5395684242248535,
      "tar_at_far=0.1": 0.33,
      "tar_at_far=0.01": 0.13666666666666666,
      "tar_at_far=0.001": 0.07266666666666667,
      "n_pairs": 3000,
      "n_pos": 1500,
      "n_neg": 1500
    },
    "mobilefacenet": {
      "auc": 0.6799768888888889,
      "eer": 0.3746666666666667,
      "eer_threshold": 0.593069851398468,
      "tar_at_far=0.1": 0.29333333333333333,
      "tar_at_far=0.01": 0.07133333333333333,
      "tar_at_far=0.001": 0.030666666666666665,
      "n_pairs": 3000,
      "n_pos": 1500,
      "n_neg": 1500
    }
  },
  "calfw": {
    "mdie": {
      "auc": 0.5987457777777778,
      "eer": 0.43066666666666664,
      "eer_threshold": 0.6106003522872925,
      "tar_at_far=0.1": 0.177,
      "tar_at_far=0.01": 0.031,
      "tar_at_far=0.001": 0.0033333333333333335,
      "n_pairs": 6000,
      "n_pos": 3000,
      "n_neg": 3000
    },
    "arcface": {
      "auc": 0.4984192777777777,
      "eer": 0.5101666666666667,
      "eer_threshold": 0.5431827902793884,
      "tar_at_far=0.1": 0.10666666666666667,
      "tar_at_far=0.01": 0.007666666666666666,
      "tar_at_far=0.001": 0.0016666666666666668,
      "n_pairs": 6000,
      "n_pos": 3000,
      "n_neg": 3000
    },
    "cosface": {
      "auc": 0.5157647777777778,
      "eer": 0.4846666666666667,
      "eer_threshold": 0.5953975915908813,
      "tar_at_far=0.1": 0.109,
      "tar_at_far=0.01": 0.014333333333333333,
      "tar_at_far=0.001": 0.002,
      "n_pairs": 6000,
      "n_pos": 3000,
      "n_neg": 3000
    },
    "mobilefacenet": {
      "auc": 0.5117466111111111,
      "eer": 0.49416666666666664,
      "eer_threshold": 0.6362696886062622,
      "tar_at_far=0.1": 0.113,
      "tar_at_far=0.01": 0.018,
      "tar_at_far=0.001": 0.005,
      "n_pairs": 6000,
      "n_pos": 3000,
      "n_neg": 3000
    }
  },
  "agedb30": {
    "mdie": {
      "auc": 0.6828343333333333,
      "eer": 0.365,
      "eer_threshold": 0.3260336220264435,
      "tar_at_far=0.1": 0.318,
      "tar_at_far=0.01": 0.06766666666666667,
      "tar_at_far=0.001": 0.013333333333333334,
      "n_pairs": 6000,
      "n_pos": 3000,
      "n_neg": 3000
    },
    "arcface": {
      "auc": 0.4895676666666666,
      "eer": 0.5096666666666667,
      "eer_threshold": 0.628777265548706,
      "tar_at_far=0.1": 0.09366666666666666,
      "tar_at_far=0.01": 0.011,
      "tar_at_far=0.001": 0.0006666666666666666,
      "n_pairs": 6000,
      "n_pos": 3000,
      "n_neg": 3000
    },
    "cosface": {
      "auc": 0.48212722222222226,
      "eer": 0.5143333333333333,
      "eer_threshold": 0.3414039611816406,
      "tar_at_far=0.1": 0.11033333333333334,
      "tar_at_far=0.01": 0.013666666666666667,
      "tar_at_far=0.001": 0.0013333333333333333,
      "n_pairs": 6000,
      "n_pos": 3000,
      "n_neg": 3000
    },
    "mobilefacenet": {
      "auc": 0.5000323888888889,
      "eer": 0.5005,
      "eer_threshold": 0.3893975019454956,
      "tar_at_far=0.1": 0.10966666666666666,
      "tar_at_far=0.01": 0.018333333333333333,
      "tar_at_far=0.001": 0.0036666666666666666,
      "n_pairs": 6000,
      "n_pos": 3000,
      "n_neg": 3000
    }
  }
}