{
  "facenet": {
    "clean": 0.6636752222222222,
    "occlusion": 0.5904725277777778,
    "lighting": 0.5711803518518518,
    "pooled": 0.6029455516666666
  },
  "arcface": {
    "clean": 0.703318388888889,
    "occlusion": 0.6294225972222223,
    "lighting": 0.6088319999999999,
    "pooled": 0.6412420055555555
  },
  "cosface": {
    "clean": 0.8325545555555556,
    "occlusion": 0.7160554722222222,
    "lighting": 0.719661962962963,
    "pooled": 0.7491916555555556
  },
  "mobilefacenet": {
    "clean": 0.8494403333333334,
    "occlusion": 0.6885875555555556,
    "lighting": 0.7546003333333333,
    "pooled": 0.7492113422222223
  },
  "MDIE-noRATA": {
    "clean": 0.9766477777777779,
    "occlusion": 0.9688001944444445,
    "lighting": 0.9724721111111111,
    "pooled": 0.9716380327777778
  },
  "MDIE-noAMD": {
    "clean": 0.9805838888888888,
    "occlusion": 0.9696224722222222,
    "lighting": 0.9751863703703704,
    "pooled": 0.9739134961111111
  },
  "MDIE-noICCL": {
    "clean": 0.9805361111111109,
    "occlusion": 0.9699860277777779,
    "lighting": 0.9751144074074074,
    "pooled": 0.974193888888889
  },
  "MDIE-full": {
    "clean": 0.9841851111111112,
    "occlusion": 0.9745465277777778,
    "lighting": 0.9799316666666668,
    "pooled": 0.9786384772222223
  }
}