{
  "mfr2": {
    "mdie": {
      "auc": 0.7337130651477394,
      "eer": 0.34198113207547165,
      "eer_threshold": 0.5046799182891846,
      "tar_at_far=0.1": 0.36556603773584906,
      "tar_at_far=0.01": 0.07547169811320754,
      "tar_at_far=0.001": 0.02122641509433962,
      "n_pairs": 848,
      "n_pos": 424,
      "n_neg": 424
    },
    "arcface": {
      "auc": 0.6592203631185475,
      "eer": 0.3938679245283019,
      "eer_threshold": 0.24100251495838165,
      "tar_at_far=0.1": 0.294811320754717,
      "tar_at_far=0.01": 0.1320754716981132,
      "tar_at_far=0.001": 0.02122641509433962,
      "n_pairs": 848,
      "n_pos": 424,
      "n_neg": 424
    },
    "cosface": {
      "auc": 0.6673415806336775,
      "eer": 0.3879716981132076,
      "eer_threshold": 0.2254260927438736,
      "tar_at_far=0.1": 0.28537735849056606,
      "tar_at_far=0.01": 0.1391509433962264,
      "tar_at_far=0.001": 0.054245283018867926,
      "n_pairs": 848,
      "n_pos": 424,
      "n_neg": 424
    },
    "mobilefacenet": {
      "auc": 0.6317305980776077,
      "eer": 0.4068396226415094,
      "eer_threshold": 0.28791171312332153,
      "tar_at_far=0.1": 0.2617924528301887,
      "tar_at_far=0.01": 0.08490566037735849,
      "tar_at_far=0.001": 0.0047169811320754715,
      "n_pairs": 848,
      "n_pos": 424,
      "n_neg": 424
    }
  },
  "meglass": {
    "mdie": {
      "auc": 0.8243773333333333,
      "eer": 0.2563333333333333,
      "eer_threshold": 0.6375814080238342,
      "tar_at_far=0.1": 0.5613333333333334,
      "tar_at_far=0.01": 0.252,
      "tar_at_far=0.001": 0.15,
      "n_pairs": 3000,
      "n_pos": 1500,
      "n_neg": 1500
    },
    "arcface": {
      "auc": 0.7238591111111112,
      "eer": 0.3433333333333334,
      "eer_threshold": 0.31584709882736206,
      "tar_at_far=0.1": 0.366,
      "tar_at_far=0.01": 0.152,
      "tar_at_far=0.001": 0.05,
      "n_pairs": 3000,
      "n_pos": 1500,
      "n_neg": 1500
    },
    "cosface": {
      "auc": 0.7263373333333334,
      "eer": 0.33399999999999996,
      "eer_threshold": 0.3560628592967987,
      "tar_at_far=0.1": 0.366,
      "tar_at_far=0.01": 0.146,
      "tar_at_far=0.001": 0.05,
      "n_pairs": 3000,
      "n_pos": 1500,
      "n_neg": 1500
    },
    "mobilefacenet": {
      "auc": 0.6813122222222222,
      "eer": 0.3713333333333333,
      "eer_threshold": 0.27668869495391846,
      "tar_at_far=0.1": 0.306,
      "tar_at_far=0.01": 0.084,
      "tar_at_far=0.001": 0.03333333333333333,
      "n_pairs": 3000,
      "n_pos": 1500,
      "n_neg": 1500
    }
  },
  "calfw": {
    "mdie": {
      "auc": 0.5569058333333333,
      "eer": 0.4648333333333333,
      "eer_threshold": 0.6774168014526367,
      "tar_at_far=0.1": 0.17133333333333334,
      "tar_at_far=0.01": 0.023666666666666666,
      "tar_at_far=0.001": 0.005,
      "n_pairs": 6000,
      "n_pos": 3000,
      "n_neg": 3000
    },
    "arcface": {
      "auc": 0.5135291666666667,
      "eer": 0.493,
      "eer_threshold": 0.44476625323295593,
      "tar_at_far=0.1": 0.12166666666666667,
      "tar_at_far=0.01": 0.018666666666666668,
      "tar_at_far=0.001": 0.0013333333333333333,
      "n_pairs": 6000,
      "n_pos": 3000,
      "n_neg": 3000
    },
    "cosface": {
      "auc": 0.5175437222222223,
      "eer": 0.486,
      "eer_threshold": 0.43174979090690613,
      "tar_at_far=0.1": 0.116,
      "tar_at_far=0.01": 0.014333333333333333,
      "tar_at_far=0.001": 0.0013333333333333333,
      "n_pairs": 6000,
      "n_pos": 3000,
      "n_neg": 3000
    },
    "mobilefacenet": {
      "auc": 0.522959611111111,
      "eer": 0.4823333333333333,
      "eer_threshold": 0.396444708108902,
      "tar_at_far=0.1": 0.12533333333333332,
      "tar_at_far=0.01": 0.014666666666666666,
      "tar_at_far=0.001": 0.0006666666666666666,
      "n_pairs": 6000,
      "n_pos": 3000,
      "n_neg": 3000
    }
  },
  "agedb30": {
    "mdie": {
      "auc": 0.5936331111111112,
      "eer": 0.43816666666666665,
      "eer_threshold": 0.4218481481075287,
      "tar_at_far=0.1": 0.206,
      "tar_at_far=0.01": 0.046,
      "tar_at_far=0.001": 0.018333333333333333,
      "n_pairs": 6000,
      "n_pos": 3000,
      "n_neg": 3000
    },
    "arcface": {
      "auc": 0.528410111111111,
      "eer": 0.4786666666666667,
      "eer_threshold": 0.22319452464580536,
      "tar_at_far=0.1": 0.10733333333333334,
      "tar_at_far=0.01": 0.014333333333333333,
      "tar_at_far=0.001": 0.0026666666666666666,
      "n_pairs": 6000,
      "n_pos": 3000,
      "n_neg": 3000
    },
    "cosface": {
      "auc": 0.5038463333333333,
      "eer": 0.4966666666666667,
      "eer_threshold": 0.22211289405822754,
      "tar_at_far=0.1": 0.10233333333333333,
      "tar_at_far=0.01": 0.01,
      "tar_at_far=0.001": 0.0013333333333333333,
      "n_pairs": 6000,
      "n_pos": 3000,
      "n_neg": 3000
    },
    "mobilefacenet": {
      "auc": 0.5355071666666666,
      "eer": 0.4733333333333334,
      "eer_threshold": 0.2246391922235489,
      "tar_at_far=0.1": 0.126,
      "tar_at_far=0.01": 0.012666666666666666,
      "tar_at_far=0.001": 0.0013333333333333333,
      "n_pairs": 6000,
      "n_pos": 3000,
      "n_neg": 3000
    }
  }
}