{
  "mfr2": {
    "arcface": {
      "auc": 0.5940225614097544,
      "eer": 0.4363207547169812,
      "eer_threshold": 0.5266176462173462,
      "tar_at_far=0.1": 0.24764150943396226,
      "tar_at_far=0.01": 0.07311320754716981,
      "tar_at_far=0.001": 0.030660377358490566,
      "n_pairs": 848,
      "n_pos": 424,
      "n_neg": 424
    },
    "cosface": {
      "auc": 0.6518333926664294,
      "eer": 0.3915094339622641,
      "eer_threshold": 0.3558371067047119,
      "tar_at_far=0.1": 0.2759433962264151,
      "tar_at_far=0.01": 0.10377358490566038,
      "tar_at_far=0.001": 0.007075471698113208,
      "n_pairs": 848,
      "n_pos": 424,
      "n_neg": 424
    },
    "facenet": {
      "auc": 0.6098867479530081,
      "eer": 0.41391509433962265,
      "eer_threshold": 0.7619228959083557,
      "tar_at_far=0.1": 0.22877358490566038,
      "tar_at_far=0.01": 0.09669811320754718,
      "tar_at_far=0.001": 0.0589622641509434,
      "n_pairs": 848,
      "n_pos": 424,
      "n_neg": 424
    },
    "mobilefacenet": {
      "auc": 0.6769257297970809,
      "eer": 0.37735849056603776,
      "eer_threshold": 0.4825381636619568,
      "tar_at_far=0.1": 0.31839622641509435,
      "tar_at_far=0.01": 0.08254716981132075,
      "tar_at_far=0.001": 0.0330188679245283,
      "n_pairs": 848,
      "n_pos": 424,
      "n_neg": 424
    },
    "mdie": {
      "auc": 0.8455021804912781,
      "eer": 0.22877358490566035,
      "eer_threshold": 0.4495420455932617,
      "tar_at_far=0.1": 0.6273584905660378,
      "tar_at_far=0.01": 0.3018867924528302,
      "tar_at_far=0.001": 0.15566037735849056,
      "n_pairs": 848,
      "n_pos": 424,
      "n_neg": 424
    },
    "insightface_w600k_r50": {
      "auc": 0.9646782662869349,
      "eer": 0.09198113207547172,
      "eer_threshold": 0.12570524215698242,
      "tar_at_far=0.1": 0.9150943396226415,
      "tar_at_far=0.01": 0.8207547169811321,
      "tar_at_far=0.001": 0.6627358490566038,
      "n_pairs": 848,
      "n_pos": 424,
      "n_neg": 424
    }
  },
  "meglass": {
    "arcface": {
      "auc": 0.5879482222222222,
      "eer": 0.43600000000000005,
      "eer_threshold": 0.7237871885299683,
      "tar_at_far=0.1": 0.23933333333333334,
      "tar_at_far=0.01": 0.05733333333333333,
      "tar_at_far=0.001": 0.0026666666666666666,
      "n_pairs": 3000,
      "n_pos": 1500,
      "n_neg": 1500
    },
    "cosface": {
      "auc": 0.7060448888888888,
      "eer": 0.3586666666666667,
      "eer_threshold": 0.5395684242248535,
      "tar_at_far=0.1": 0.33,
      "tar_at_far=0.01": 0.13666666666666666,
      "tar_at_far=0.001": 0.07266666666666667,
      "n_pairs": 3000,
      "n_pos": 1500,
      "n_neg": 1500
    },
    "facenet": {
      "auc": 0.6013004444444444,
      "eer": 0.43200000000000005,
      "eer_threshold": 0.6657609343528748,
      "tar_at_far=0.1": 0.22133333333333333,
      "tar_at_far=0.01": 0.03666666666666667,
      "tar_at_far=0.001": 0.009333333333333334,
      "n_pairs": 3000,
      "n_pos": 1500,
      "n_neg": 1500
    },
    "mobilefacenet": {
      "auc": 0.6799768888888889,
      "eer": 0.3746666666666667,
      "eer_threshold": 0.593069851398468,
      "tar_at_far=0.1": 0.29333333333333333,
      "tar_at_far=0.01": 0.07133333333333333,
      "tar_at_far=0.001": 0.030666666666666665,
      "n_pairs": 3000,
      "n_pos": 1500,
      "n_neg": 1500
    },
    "mdie": {
      "auc": 0.9807039999999999,
      "eer": 0.073,
      "eer_threshold": 0.5410901308059692,
      "tar_at_far=0.1": 0.94,
      "tar_at_far=0.01": 0.84,
      "tar_at_far=0.001": 0.71,
      "n_pairs": 3000,
      "n_pos": 1500,
      "n_neg": 1500
    },
    "insightface_w600k_r50": {
      "auc": 0.9981582222222222,
      "eer": 0.008000000000000004,
      "eer_threshold": 0.1474638432264328,
      "tar_at_far=0.1": 0.9953333333333333,
      "tar_at_far=0.01": 0.992,
      "tar_at_far=0.001": 0.9873333333333333,
      "n_pairs": 3000,
      "n_pos": 1500,
      "n_neg": 1500
    }
  }
}