epoch,total,loss_id,loss_iccl,loss_mod,val_auc,epoch_time_s,imgs_per_sec
1,40.11674269418868,37.19844706096347,1.489636448640672,2.1734774150545637,0.5426,136.3998739719391,59.1202888154975
2,38.8950979141962,36.31204617212689,0.8851441894731824,2.1404796781994047,0.5912,83.53854298591614,96.53029400372229
3,38.184741640847825,35.787972586495535,0.5266595650759954,2.1334393213665677,0.6041,84.59800839424133,95.32139643126656
4,37.64417521158854,35.30769887046208,0.4087306281167363,2.132111080109127,0.6005,84.41320943832397,95.53007337076187
