epoch,train_loss,val_loss,val_auc,epoch_time_s,imgs_per_sec
1,35.74143845694406,nan,0.5601,91.31786847114563,44.153461265831055
2,31.16919149671282,nan,0.6808,41.352975845336914,97.5020587160546
3,26.49815800076439,nan,0.824,42.0617253780365,95.85912481236855
4,22.30779154338534,nan,0.8354,42.77536058425903,94.25987536378315
