{
  "mfr2": {
    "arcface": {
      "auc": 0.6349178978284088,
      "eer": 0.4080188679245283,
      "eer_threshold": 0.3706539273262024,
      "tar_at_far=0.1": 0.2665094339622642,
      "tar_at_far=0.01": 0.11320754716981132,
      "tar_at_far=0.001": 0.009433962264150943,
      "n_pairs": 848,
      "n_pos": 424,
      "n_neg": 424
    },
    "cosface": {
      "auc": 0.6607444820220719,
      "eer": 0.39858490566037735,
      "eer_threshold": 0.23770931363105774,
      "tar_at_far=0.1": 0.3089622641509434,
      "tar_at_far=0.01": 0.15330188679245282,
      "tar_at_far=0.001": 0.014150943396226415,
      "n_pairs": 848,
      "n_pos": 424,
      "n_neg": 424
    },
    "facenet": {
      "auc": 0.6142616367034532,
      "eer": 0.4292452830188679,
      "eer_threshold": 0.9958614110946655,
      "tar_at_far=0.1": 0.2358490566037736,
      "tar_at_far=0.01": 0.0660377358490566,
      "tar_at_far=0.001": 0.014150943396226415,
      "n_pairs": 848,
      "n_pos": 424,
      "n_neg": 424
    },
    "mobilefacenet": {
      "auc": 0.7067684229263083,
      "eer": 0.3443396226415094,
      "eer_threshold": 0.33437633514404297,
      "tar_at_far=0.1": 0.33962264150943394,
      "tar_at_far=0.01": 0.12971698113207547,
      "tar_at_far=0.001": 0.02122641509433962,
      "n_pairs": 848,
      "n_pos": 424,
      "n_neg": 424
    },
    "mdie": {
      "auc": 0.5890775186899252,
      "eer": 0.43985849056603776,
      "eer_threshold": 0.07900616526603699,
      "tar_at_far=0.1": 0.2099056603773585,
      "tar_at_far=0.01": 0.054245283018867926,
      "tar_at_far=0.001": 0.007075471698113208,
      "n_pairs": 848,
      "n_pos": 424,
      "n_neg": 424
    },
    "insightface_w600k_r50": {
      "auc": 0.9646782662869349,
      "eer": 0.09198113207547172,
      "eer_threshold": 0.12570524215698242,
      "tar_at_far=0.1": 0.9150943396226415,
      "tar_at_far=0.01": 0.8207547169811321,
      "tar_at_far=0.001": 0.6627358490566038,
      "n_pairs": 848,
      "n_pos": 424,
      "n_neg": 424
    }
  },
  "calfw": {
    "arcface": {
      "auc": 0.5106777777777778,
      "eer": 0.49183333333333334,
      "eer_threshold": 0.6678876280784607,
      "tar_at_far=0.1": 0.11466666666666667,
      "tar_at_far=0.01": 0.010333333333333333,
      "tar_at_far=0.001": 0.001,
      "n_pairs": 6000,
      "n_pos": 3000,
      "n_neg": 3000
    },
    "cosface": {
      "auc": 0.5286385555555555,
      "eer": 0.479,
      "eer_threshold": 0.44100964069366455,
      "tar_at_far=0.1": 0.13433333333333333,
      "tar_at_far=0.01": 0.01633333333333333,
      "tar_at_far=0.001": 0.005333333333333333,
      "n_pairs": 6000,
      "n_pos": 3000,
      "n_neg": 3000
    },
    "facenet": {
      "auc": 0.5035886111111111,
      "eer": 0.4993333333333333,
      "eer_threshold": 0.990241527557373,
      "tar_at_far=0.1": 0.109,
      "tar_at_far=0.01": 0.007,
      "tar_at_far=0.001": 0.001,
      "n_pairs": 6000,
      "n_pos": 3000,
      "n_neg": 3000
    },
    "mobilefacenet": {
      "auc": 0.5355401666666666,
      "eer": 0.4733333333333334,
      "eer_threshold": 0.5127422213554382,
      "tar_at_far=0.1": 0.12666666666666668,
      "tar_at_far=0.01": 0.021666666666666667,
      "tar_at_far=0.001": 0.0023333333333333335,
      "n_pairs": 6000,
      "n_pos": 3000,
      "n_neg": 3000
    },
    "mdie": {
      "auc": 0.4870339444444444,
      "eer": 0.5076666666666667,
      "eer_threshold": 0.8282240033149719,
      "tar_at_far=0.1": 0.09566666666666666,
      "tar_at_far=0.01": 0.012333333333333333,
      "tar_at_far=0.001": 0.001,
      "n_pairs": 6000,
      "n_pos": 3000,
      "n_neg": 3000
    },
    "insightface_w600k_r50": {
      "auc": 0.8000678888888889,
      "eer": 0.27,
      "eer_threshold": 0.2634267807006836,
      "tar_at_far=0.1": 0.499,
      "tar_at_far=0.01": 0.17166666666666666,
      "tar_at_far=0.001": 0.035666666666666666,
      "n_pairs": 6000,
      "n_pos": 3000,
      "n_neg": 3000
    }
  },
  "agedb30": {
    "arcface": {
      "auc": 0.4907291111111111,
      "eer": 0.5143333333333333,
      "eer_threshold": 0.4230988919734955,
      "tar_at_far=0.1": 0.10066666666666667,
      "tar_at_far=0.01": 0.012,
      "tar_at_far=0.001": 0.0033333333333333335,
      "n_pairs": 6000,
      "n_pos": 3000,
      "n_neg": 3000
    },
    "cosface": {
      "auc": 0.5174332222222222,
      "eer": 0.4893333333333333,
      "eer_threshold": 0.22176164388656616,
      "tar_at_far=0.1": 0.11733333333333333,
      "tar_at_far=0.01": 0.014,
      "tar_at_far=0.001": 0.001,
      "n_pairs": 6000,
      "n_pos": 3000,
      "n_neg": 3000
    },
    "facenet": {
      "auc": 0.4846014444444444,
      "eer": 0.5171666666666667,
      "eer_threshold": 0.9951766729354858,
      "tar_at_far=0.1": 0.10366666666666667,
      "tar_at_far=0.01": 0.007,
      "tar_at_far=0.001": 0.0,
      "n_pairs": 6000,
      "n_pos": 3000,
      "n_neg": 3000
    },
    "mobilefacenet": {
      "auc": 0.5437335,
      "eer": 0.471,
      "eer_threshold": 0.2713666558265686,
      "tar_at_far=0.1": 0.13633333333333333,
      "tar_at_far=0.01": 0.017333333333333333,
      "tar_at_far=0.001": 0.0033333333333333335,
      "n_pairs": 6000,
      "n_pos": 3000,
      "n_neg": 3000
    },
    "mdie": {
      "auc": 0.5035737222222223,
      "eer": 0.5,
      "eer_threshold": 0.1317887306213379,
      "tar_at_far=0.1": 0.09533333333333334,
      "tar_at_far=0.01": 0.007,
      "tar_at_far=0.001": 0.0003333333333333333,
      "n_pairs": 6000,
      "n_pos": 3000,
      "n_neg": 3000
    },
    "insightface_w600k_r50": {
      "auc": 0.9441617777777775,
      "eer": 0.12233333333333332,
      "eer_threshold": 0.09499779343605042,
      "tar_at_far=0.1": 0.8643333333333333,
      "tar_at_far=0.01": 0.6516666666666666,
      "tar_at_far=0.001": 0.3243333333333333,
      "n_pairs": 6000,
      "n_pos": 3000,
      "n_neg": 3000
    }
  }
}