{
  "overall": {
    "facenet": {
      "auc": 0.6208345616666666,
      "eer": 0.40974999999999995,
      "eer_threshold": 0.9973649978637695,
      "tar_at_far=0.1": 0.2657,
      "tar_at_far=0.01": 0.0684,
      "tar_at_far=0.001": 0.017833333333333333,
      "n_pairs": 60000,
      "n_pos": 30000,
      "n_neg": 30000
    },
    "arcface": {
      "auc": 0.8003625677777778,
      "eer": 0.27780000000000005,
      "eer_threshold": 0.0853254571557045,
      "tar_at_far=0.1": 0.5120666666666667,
      "tar_at_far=0.01": 0.2087,
      "tar_at_far=0.001": 0.09013333333333333,
      "n_pairs": 60000,
      "n_pos": 30000,
      "n_neg": 30000
    },
    "cosface": {
      "auc": 0.7953337711111113,
      "eer": 0.2825,
      "eer_threshold": 0.07559821009635925,
      "tar_at_far=0.1": 0.5014,
      "tar_at_far=0.01": 0.20933333333333334,
      "tar_at_far=0.001": 0.08176666666666667,
      "n_pairs": 60000,
      "n_pos": 30000,
      "n_neg": 30000
    },
    "mobilefacenet": {
      "auc": 0.7425703849999999,
      "eer": 0.3272333333333334,
      "eer_threshold": 0.058544084429740906,
      "tar_at_far=0.1": 0.40386666666666665,
      "tar_at_far=0.01": 0.1462,
      "tar_at_far=0.001": 0.0537,
      "n_pairs": 60000,
      "n_pos": 30000,
      "n_neg": 30000
    }
  },
  "per_modification": {
    "facenet": {
      "clean": {
        "auc": 0.6907846111111111,
        "eer": 0.3478333333333333,
        "eer_threshold": 0.9979735612869263,
        "tar_at_far=0.1": 0.35333333333333333,
        "tar_at_far=0.01": 0.101,
        "tar_at_far=0.001": 0.03233333333333333,
        "n_pairs": 6000,
        "n_pos": 3000,
        "n_neg": 3000
      },
      "disguise_glasses": {
        "auc": 0.5479563888888889,
        "eer": 0.4651666666666666,
        "eer_threshold": 0.993613600730896,
        "tar_at_far=0.1": 0.146,
        "tar_at_far=0.01": 0.013666666666666667,
        "tar_at_far=0.001": 0.0013333333333333333,
        "n_pairs": 6000,
        "n_pos": 3000,
        "n_neg": 3000
      },
      "disguise_mask": {
        "auc": 0.5976757777777778,
        "eer": 0.42533333333333334,
        "eer_threshold": 0.9964215755462646,
        "tar_at_far=0.1": 0.25266666666666665,
        "tar_at_far=0.01": 0.03833333333333333,
        "tar_at_far=0.001": 0.006,
        "n_pairs": 6000,
        "n_pos": 3000,
        "n_neg": 3000
      },
      "disguise_cap": {
        "auc": 0.5787002222222222,
        "eer": 0.43799999999999994,
        "eer_threshold": 0.9972820281982422,
        "tar_at_far=0.1": 0.17933333333333334,
        "tar_at_far=0.01": 0.033666666666666664,
        "tar_at_far=0.001": 0.004,
        "n_pairs": 6000,
        "n_pos": 3000,
        "n_neg": 3000
      },
      "occlusion_random": {
        "auc": 0.6659187777777777,
        "eer": 0.3786666666666667,
        "eer_threshold": 0.998023509979248,
        "tar_at_far=0.1": 0.30966666666666665,
        "tar_at_far=0.01": 0.06833333333333333,
        "tar_at_far=0.001": 0.012333333333333333,
        "n_pairs": 6000,
        "n_pos": 3000,
        "n_neg": 3000
      },
      "low_light": {
        "auc": 0.6213020555555555,
        "eer": 0.402,
        "eer_threshold": 0.9967830181121826,
        "tar_at_far=0.1": 0.21833333333333332,
        "tar_at_far=0.01": 0.03133333333333333,
        "tar_at_far=0.001": 0.004,
        "n_pairs": 6000,
        "n_pos": 3000,
        "n_neg": 3000
      },
      "over_exposure": {
        "auc": 0.629947,
        "eer": 0.39749999999999996,
        "eer_threshold": 0.9977268576622009,
        "tar_at_far=0.1": 0.25633333333333336,
        "tar_at_far=0.01": 0.04066666666666666,
        "tar_at_far=0.001": 0.0036666666666666666,
        "n_pairs": 6000,
        "n_pos": 3000,
        "n_neg": 3000
      },
      "harsh_shadow": {
        "auc": 0.6385158888888889,
        "eer": 0.3923333333333333,
        "eer_threshold": 0.9978222846984863,
        "tar_at_far=0.1": 0.2653333333333333,
        "tar_at_far=0.01": 0.055,
        "tar_at_far=0.001": 0.019,
        "n_pairs": 6000,
        "n_pos": 3000,
        "n_neg": 3000
      },
      "aging": {
        "auc": 0.6952325555555556,
        "eer": 0.3433333333333334,
        "eer_threshold": 0.9979957938194275,
        "tar_at_far=0.1": 0.358,
        "tar_at_far=0.01": 0.08966666666666667,
        "tar_at_far=0.001": 0.029333333333333333,
        "n_pairs": 6000,
        "n_pos": 3000,
        "n_neg": 3000
      },
      "adversarial": {
        "auc": 0.6898351111111111,
        "eer": 0.3496666666666667,
        "eer_threshold": 0.9979945421218872,
        "tar_at_far=0.1": 0.351,
        "tar_at_far=0.01": 0.10066666666666667,
        "tar_at_far=0.001": 0.036333333333333336,
        "n_pairs": 6000,
        "n_pos": 3000,
        "n_neg": 3000
      }
    },
    "arcface": {
      "clean": {
        "auc": 0.8931425555555556,
        "eer": 0.1905,
        "eer_threshold": 0.12690779566764832,
        "tar_at_far=0.1": 0.72,
        "tar_at_far=0.01": 0.366,
        "tar_at_far=0.001": 0.16966666666666666,
        "n_pairs": 6000,
        "n_pos": 3000,
        "n_neg": 3000
      },
      "disguise_glasses": {
        "auc": 0.7506252777777778,
        "eer": 0.3191666666666667,
        "eer_threshold": 0.06160707026720047,
        "tar_at_far=0.1": 0.3933333333333333,
        "tar_at_far=0.01": 0.10733333333333334,
        "tar_at_far=0.001": 0.024,
        "n_pairs": 6000,
        "n_pos": 3000,
        "n_neg": 3000
      },
      "disguise_mask": {
        "auc": 0.7323283888888888,
        "eer": 0.3265,
        "eer_threshold": 0.07248049974441528,
        "tar_at_far=0.1": 0.3606666666666667,
        "tar_at_far=0.01": 0.08966666666666667,
        "tar_at_far=0.001": 0.028333333333333332,
        "n_pairs": 6000,
        "n_pos": 3000,
        "n_neg": 3000
      },
      "disguise_cap": {
        "auc": 0.6642623333333334,
        "eer": 0.3805,
        "eer_threshold": 0.04384061321616173,
        "tar_at_far=0.1": 0.256,
        "tar_at_far=0.01": 0.042666666666666665,
        "tar_at_far=0.001": 0.004333333333333333,
        "n_pairs": 6000,
        "n_pos": 3000,
        "n_neg": 3000
      },
      "occlusion_random": {
        "auc": 0.8428102222222222,
        "eer": 0.2416666666666667,
        "eer_threshold": 0.10167378187179565,
        "tar_at_far=0.1": 0.607,
        "tar_at_far=0.01": 0.259,
        "tar_at_far=0.001": 0.12466666666666666,
        "n_pairs": 6000,
        "n_pos": 3000,
        "n_neg": 3000
      },
      "low_light": {
        "auc": 0.791375,
        "eer": 0.28633333333333333,
        "eer_threshold": 0.08478769659996033,
        "tar_at_far=0.1": 0.488,
        "tar_at_far=0.01": 0.17666666666666667,
        "tar_at_far=0.001": 0.039,
        "n_pairs": 6000,
        "n_pos": 3000,
        "n_neg": 3000
      },
      "over_exposure": {
        "auc": 0.7617572777777778,
        "eer": 0.30900000000000005,
        "eer_threshold": 0.06701195240020752,
        "tar_at_far=0.1": 0.41733333333333333,
        "tar_at_far=0.01": 0.157,
        "tar_at_far=0.001": 0.033,
        "n_pairs": 6000,
        "n_pos": 3000,
        "n_neg": 3000
      },
      "harsh_shadow": {
        "auc": 0.7962315,
        "eer": 0.2781666666666667,
        "eer_threshold": 0.08761754631996155,
        "tar_at_far=0.1": 0.49633333333333335,
        "tar_at_far=0.01": 0.18866666666666668,
        "tar_at_far=0.001": 0.08866666666666667,
        "n_pairs": 6000,
        "n_pos": 3000,
        "n_neg": 3000
      },
      "aging": {
        "auc": 0.8783639999999999,
        "eer": 0.20533333333333337,
        "eer_threshold": 0.11485236883163452,
        "tar_at_far=0.1": 0.6696666666666666,
        "tar_at_far=0.01": 0.3476666666666667,
        "tar_at_far=0.001": 0.13633333333333333,
        "n_pairs": 6000,
        "n_pos": 3000,
        "n_neg": 3000
      },
      "adversarial": {
        "auc": 0.8919652222222222,
        "eer": 0.18999999999999997,